Mut,ObsNum_gtex,ExpNum_gtex,MutSpec_gtex,ObsNum_tcga,ExpNum_tcga,MutSpec_tcga,ObsNum_gtex_percent,ObsNum_tcga_percent,ObsNum_percent_diff,ObsNum_percent_quotient
T>G,0,260,0.0,3,263,0.01,0.0,0.36,0.36,0.0
C>G,0,821,0.0,4,820,0.0,0.0,0.48,0.48,0.0
A>T,2,770,0.0,12,768,0.01,0.38,1.44,1.06,0.26
G>C,1,95,0.01,4,96,0.02,0.19,0.48,0.29,0.4
A>C,4,770,0.0,12,768,0.01,0.76,1.44,0.68,0.53
C>A,7,821,0.01,20,820,0.01,1.33,2.4,1.07,0.55
G>A,101,177,0.54,242,178,0.67,19.13,28.98,9.85,0.66
C>T,94,1876,0.05,209,1875,0.05,17.8,25.03,7.23,0.71
T>C,139,622,0.21,244,625,0.19,26.33,29.22,2.9,0.9
A>G,172,1312,0.12,84,1312,0.03,32.58,10.06,22.52,3.24
T>A,5,260,0.02,1,263,0.0,0.95,0.12,0.83,7.91
G>T,3,95,0.03,0,96,0.0,0.57,0.0,0.57,inf
ALL,528,7879,1.0,835,7884,1.0,100.0,100.0,,
